ctry;fh09;polity09;gini;fparl08;mena;lati;cari;east;sovi;afri;corr0509
Afghanistan;0.06 ;0.00 ;;0.48 ;0.00 ;0.00 ;0.00 ;0.00 ;0.00 ;0.00 ;(0.02)
Albania;0.03 ;0.09 ;0.33 ;0.49 ;0.00 ;0.00 ;0.00 ;0.00 ;0.01 ;0.00 ;(0.01)
Algeria;0.06 ;0.02 ;0.35 ;0.50 ;0.01 ;0.00 ;0.00 ;0.00 ;0.00 ;0.00 ;(0.00)
American Samoa;;;;;0.00 ;0.00 ;0.00 ;0.00 ;0.00 ;0.00 ;0.00 
Andorra;0.01 ;;;;0.00 ;0.00 ;0.00 ;0.00 ;0.00 ;0.00 ;0.01 
Angola;0.06 ;(0.02);0.59 ;0.51 ;0.00 ;0.00 ;0.00 ;0.00 ;0.00 ;0.00 ;(0.01)
Antigua and Barbuda;0.03 ;;;;0.00 ;0.00 ;0.01 ;0.00 ;0.00 ;0.00 ;0.01 
Argentina;0.02 ;0.08 ;0.49 ;0.51 ;0.00 ;0.01 ;0.00 ;0.00 ;0.00 ;0.01 ;(0.00)
Armenia;0.05 ;0.05 ;0.30 ;0.52 ;0.00 ;0.00 ;0.00 ;0.00 ;0.00 ;0.00 ;(0.01)
Aruba;;;;0.51 ;0.00 ;0.00 ;0.01 ;0.00 ;0.00 ;0.00 ;0.01 
Australia;0.01 ;0.10 ;0.35 ;0.50 ;0.00 ;0.00 ;0.00 ;0.00 ;0.00 ;0.00 ;0.02 
Austria;0.01 ;0.10 ;0.29 ;0.52 ;0.00 ;0.00 ;0.00 ;0.00 ;0.00 ;0.00 ;0.02 
Azerbaijan;0.06 ;(0.07);0.17 ;0.51 ;0.00 ;0.00 ;0.00 ;0.00 ;0.00 ;0.00 ;(0.01)
"Bahamas, The";0.01 ;;;0.51 ;0.00 ;0.00 ;0.01 ;0.00 ;0.00 ;0.00 ;0.01 
Bahrain;0.06 ;(0.07);;0.44 ;0.01 ;0.00 ;0.00 ;0.00 ;0.00 ;0.00 ;0.00 
Bangladesh;0.04 ;0.05 ;0.31 ;0.49 ;0.00 ;0.00 ;0.00 ;0.00 ;0.00 ;0.00 ;(0.01)
Barbados;0.01 ;;;0.52 ;0.00 ;0.00 ;0.01 ;0.00 ;0.00 ;0.00 ;0.01 
Belarus;0.07 ;(0.07);0.29 ;0.54 ;0.00 ;0.00 ;0.00 ;0.00 ;0.00 ;0.00 ;(0.01)
Belgium;0.01 ;0.08 ;0.33 ;0.51 ;0.00 ;0.00 ;0.00 ;0.00 ;0.00 ;0.00 ;0.01 
Belize;0.02 ;;0.60 ;0.50 ;0.00 ;0.00 ;0.01 ;0.00 ;0.00 ;0.00 ;(0.00)
Benin;0.02 ;0.07 ;0.39 ;0.51 ;0.00 ;0.00 ;0.00 ;0.00 ;0.00 ;0.01 ;(0.01)
Bermuda;;;;;0.00 ;0.00 ;0.01 ;0.00 ;0.00 ;0.00 ;0.01 
Bhutan;0.05 ;0.03 ;;0.49 ;0.00 ;0.00 ;0.00 ;0.00 ;0.00 ;0.00 ;0.01 
Bolivia;0.03 ;0.07 ;0.57 ;0.50 ;0.00 ;0.01 ;0.00 ;0.00 ;0.00 ;0.00 ;(0.01)
Bosnia and Herzegovina;0.04 ;0.00 ;0.36 ;0.51 ;0.00 ;0.00 ;0.00 ;0.00 ;0.01 ;0.00 ;(0.00)
Botswana;0.03 ;0.08 ;0.61 ;0.51 ;0.00 ;0.00 ;0.00 ;0.00 ;0.00 ;0.01 ;0.01 
Brazil;0.02 ;0.08 ;0.55 ;0.50 ;0.00 ;0.01 ;0.00 ;0.00 ;0.00 ;0.00 ;(0.00)
Brunei Darussalam;0.06 ;;;0.48 ;0.00 ;0.00 ;0.00 ;0.01 ;0.00 ;0.00 ;0.00 
Bulgaria;0.02 ;0.09 ;0.29 ;0.51 ;0.00 ;0.00 ;0.00 ;0.00 ;0.01 ;0.00 ;(0.00)
Burkina Faso;0.04 ;0.00 ;0.40 ;0.50 ;0.00 ;0.00 ;0.00 ;0.00 ;0.00 ;0.01 ;(0.00)
Burundi;0.05 ;0.06 ;0.33 ;0.52 ;0.00 ;0.00 ;0.00 ;0.00 ;0.00 ;0.01 ;(0.01)
Cambodia;0.06 ;0.02 ;0.44 ;0.51 ;0.00 ;0.00 ;0.00 ;0.01 ;0.00 ;0.00 ;(0.01)
Cameroon;0.06 ;(0.04);0.45 ;0.50 ;0.00 ;0.00 ;0.00 ;0.00 ;0.00 ;0.01 ;(0.01)
Canada;0.01 ;0.10 ;0.33 ;0.50 ;0.00 ;0.00 ;0.00 ;0.00 ;0.00 ;0.00 ;0.02 
Cape Verde;0.01 ;;0.50 ;0.53 ;0.00 ;0.00 ;0.00 ;0.00 ;0.00 ;0.01 ;0.01 
Cayman Islands;;;;;0.00 ;0.00 ;0.01 ;0.00 ;0.00 ;0.00 ;0.01 
Central African Republic;0.05 ;(0.01);0.44 ;0.51 ;0.00 ;0.00 ;0.00 ;0.00 ;0.00 ;0.01 ;(0.01)
Chad;0.07 ;(0.02);0.40 ;0.51 ;0.00 ;0.00 ;0.00 ;0.00 ;0.00 ;0.01 ;(0.01)
Channel Islands;;;;0.52 ;0.00 ;0.00 ;0.00 ;0.00 ;0.00 ;0.00 ;
Chile;0.01 ;0.10 ;0.52 ;0.51 ;0.00 ;0.01 ;0.00 ;0.00 ;0.00 ;0.00 ;0.01 
China;0.07 ;(0.07);0.42 ;0.48 ;0.00 ;0.00 ;0.00 ;0.01 ;0.00 ;0.00 ;(0.01)
Colombia;0.04 ;0.07 ;0.59 ;0.50 ;0.00 ;0.01 ;0.00 ;0.00 ;0.00 ;0.00 ;(0.00)
Comoros;0.04 ;0.09 ;0.64 ;0.50 ;0.00 ;0.00 ;0.00 ;0.00 ;0.00 ;0.01 ;(0.01)
"Congo, Dem. Rep.";0.06 ;0.05 ;0.44 ;0.51 ;0.00 ;0.00 ;0.00 ;0.00 ;0.00 ;0.01 ;(0.01)
"Congo, Rep.";0.06 ;(0.04);0.47 ;0.50 ;0.00 ;0.00 ;0.00 ;0.00 ;0.00 ;0.01 ;(0.01)
Costa Rica;0.01 ;0.10 ;0.49 ;0.49 ;0.00 ;0.01 ;0.00 ;0.00 ;0.00 ;0.00 ;0.00 
Cote d'Ivoire;0.06 ;0.00 ;0.48 ;0.48 ;0.00 ;0.00 ;0.00 ;0.00 ;0.00 ;0.01 ;(0.01)
Croatia;0.02 ;0.09 ;0.29 ;0.52 ;0.00 ;0.00 ;0.00 ;0.00 ;0.01 ;0.00 ;0.00 
Cuba;0.07 ;(0.07);;0.50 ;0.00 ;0.01 ;0.00 ;0.00 ;0.00 ;0.00 ;0.00 
Cyprus;0.01 ;0.10 ;;0.51 ;0.00 ;0.00 ;0.00 ;0.00 ;0.00 ;0.00 ;0.01 
Czech Republic;0.01 ;0.08 ;0.26 ;0.51 ;0.00 ;0.00 ;0.00 ;0.00 ;0.01 ;0.00 ;0.00 
Denmark;0.01 ;0.10 ;0.25 ;0.51 ;0.00 ;0.00 ;0.00 ;0.00 ;0.00 ;0.00 ;0.02 
Djibouti;0.05 ;0.02 ;0.40 ;0.50 ;0.00 ;0.00 ;0.00 ;0.00 ;0.00 ;0.01 ;(0.00)
Dominica;0.01 ;;;;0.00 ;0.00 ;0.01 ;0.00 ;0.00 ;0.00 ;0.01 
Dominican Republic;0.02 ;0.08 ;0.48 ;0.49 ;0.00 ;0.01 ;0.00 ;0.00 ;0.00 ;0.00 ;(0.01)
Ecuador;0.03 ;0.05 ;0.54 ;0.50 ;0.00 ;0.01 ;0.00 ;0.00 ;0.00 ;0.00 ;(0.01)
"Egypt, Arab Rep.";0.06 ;(0.03);0.32 ;0.50 ;0.01 ;0.00 ;0.00 ;0.00 ;0.00 ;0.00 ;(0.01)
El Salvador;0.03 ;0.08 ;0.47 ;0.51 ;0.00 ;0.01 ;0.00 ;0.00 ;0.00 ;0.00 ;(0.00)
Equatorial Guinea;0.07 ;(0.05);;0.51 ;0.00 ;0.00 ;0.00 ;0.00 ;0.00 ;0.01 ;(0.02)
Eritrea;0.07 ;(0.07);;0.51 ;0.00 ;0.00 ;0.00 ;0.00 ;0.00 ;0.01 ;(0.00)
Estonia;0.01 ;0.09 ;0.36 ;0.54 ;0.00 ;0.00 ;0.00 ;0.00 ;0.00 ;0.00 ;0.01 
Ethiopia;0.05 ;0.01 ;0.30 ;0.50 ;0.00 ;0.00 ;0.00 ;0.00 ;0.00 ;0.01 ;(0.01)
Faeroe Islands;;;;;0.00 ;0.00 ;0.00 ;0.00 ;0.00 ;0.00 ;
Fiji;0.05 ;(0.04);;0.49 ;0.00 ;0.00 ;0.00 ;0.00 ;0.00 ;0.00 ;(0.01)
Finland;0.01 ;0.10 ;0.27 ;0.51 ;0.00 ;0.00 ;0.00 ;0.00 ;0.00 ;0.00 ;0.02 
France;0.01 ;0.09 ;0.33 ;0.51 ;0.00 ;0.00 ;0.00 ;0.00 ;0.00 ;0.00 ;0.01 
French Polynesia;;;;0.48 ;0.00 ;0.00 ;0.00 ;0.00 ;0.00 ;0.00 ;
Gabon;0.06 ;0.03 ;0.42 ;0.51 ;0.00 ;0.00 ;0.00 ;0.00 ;0.00 ;0.01 ;(0.01)
"Gambia, The";0.05 ;(0.05);0.47 ;0.51 ;0.00 ;0.00 ;0.00 ;0.00 ;0.00 ;0.01 ;(0.01)
Georgia;0.04 ;0.06 ;0.41 ;0.53 ;0.00 ;0.00 ;0.00 ;0.00 ;0.00 ;0.00 ;(0.00)
Germany;0.01 ;0.10 ;0.28 ;0.52 ;0.00 ;0.00 ;0.00 ;0.00 ;0.00 ;0.00 ;0.02 
Ghana;0.02 ;0.08 ;0.43 ;0.49 ;0.00 ;0.00 ;0.00 ;0.00 ;0.00 ;0.01 ;(0.00)
Gibraltar;;;;;0.00 ;0.00 ;0.00 ;0.00 ;0.00 ;0.00 ;
Greece;0.02 ;0.10 ;0.34 ;0.51 ;0.00 ;0.00 ;0.00 ;0.00 ;0.00 ;0.00 ;0.00 
Greenland;;;;;0.00 ;0.00 ;0.00 ;0.00 ;0.00 ;0.00 ;0.01 
Grenada;0.02 ;;;0.51 ;0.00 ;0.00 ;0.01 ;0.00 ;0.00 ;0.00 ;0.00 
Guam;;;;0.47 ;0.00 ;0.00 ;0.00 ;0.00 ;0.00 ;0.00 ;0.01 
Guatemala;0.04 ;0.08 ;0.54 ;0.50 ;0.00 ;0.01 ;0.00 ;0.00 ;0.00 ;0.00 ;(0.01)
Guinea;0.07 ;(0.01);0.43 ;0.50 ;0.00 ;0.00 ;0.00 ;0.00 ;0.00 ;0.01 ;(0.01)
Guinea-Bissau;0.04 ;0.06 ;0.36 ;0.51 ;0.00 ;0.00 ;0.00 ;0.00 ;0.00 ;0.01 ;(0.01)
Guyana;0.03 ;0.06 ;0.43 ;0.51 ;0.00 ;0.00 ;0.01 ;0.00 ;0.00 ;0.00 ;(0.01)
Haiti;0.05 ;0.05 ;0.60 ;0.51 ;0.00 ;0.01 ;0.00 ;0.00 ;0.00 ;0.00 ;(0.01)
Honduras;0.04 ;0.07 ;0.55 ;0.50 ;0.00 ;0.01 ;0.00 ;0.00 ;0.00 ;0.00 ;(0.01)
"Hong Kong SAR, China";;;0.43 ;0.50 ;0.00 ;0.00 ;0.00 ;0.01 ;0.00 ;0.00 ;0.02 
Hungary;0.01 ;0.10 ;0.30 ;0.52 ;0.00 ;0.00 ;0.00 ;0.00 ;0.01 ;0.00 ;0.01 
Iceland;0.01 ;;;0.50 ;0.00 ;0.00 ;0.00 ;0.00 ;0.00 ;0.00 ;0.02 
India;0.03 ;0.09 ;0.37 ;0.48 ;0.00 ;0.00 ;0.00 ;0.00 ;0.00 ;0.00 ;(0.00)
Indonesia;0.03 ;0.08 ;0.38 ;0.50 ;0.00 ;0.00 ;0.00 ;0.01 ;0.00 ;0.00 ;(0.01)
"Iran, Islamic Rep.";0.06 ;(0.07);0.38 ;0.49 ;0.01 ;0.00 ;0.00 ;0.00 ;0.00 ;0.00 ;(0.01)
Iraq;0.06 ;0.00 ;0.38 ;0.49 ;0.01 ;0.00 ;0.00 ;0.00 ;0.00 ;0.00 ;(0.01)
Ireland;0.01 ;0.10 ;0.34 ;0.50 ;0.00 ;0.00 ;0.00 ;0.00 ;0.00 ;0.00 ;0.02 
Isle of Man;;;;;0.00 ;0.00 ;0.00 ;0.00 ;0.00 ;0.00 ;
Israel;0.02 ;0.10 ;0.39 ;0.50 ;0.01 ;0.00 ;0.00 ;0.00 ;0.00 ;0.00 ;0.01 
Italy;0.02 ;0.10 ;0.36 ;0.52 ;0.00 ;0.00 ;0.00 ;0.00 ;0.00 ;0.00 ;0.00 
Jamaica;0.03 ;0.09 ;0.46 ;0.51 ;0.00 ;0.00 ;0.01 ;0.00 ;0.00 ;0.00 ;(0.00)
Japan;0.02 ;0.10 ;0.25 ;0.51 ;0.00 ;0.00 ;0.00 ;0.00 ;0.00 ;0.00 ;0.01 
Jordan;0.06 ;(0.03);0.38 ;0.48 ;0.01 ;0.00 ;0.00 ;0.00 ;0.00 ;0.00 ;0.00 
Kazakhstan;0.06 ;(0.06);0.31 ;0.52 ;0.00 ;0.00 ;0.00 ;0.00 ;0.00 ;0.00 ;(0.01)
Kenya;0.04 ;0.07 ;0.48 ;0.50 ;0.00 ;0.00 ;0.00 ;0.00 ;0.00 ;0.01 ;(0.01)
Kiribati;0.01 ;;;;0.00 ;0.00 ;0.00 ;0.00 ;0.00 ;0.00 ;0.00 
"Korea, Dem. Rep.";0.07 ;(0.09);;0.51 ;0.00 ;0.00 ;0.00 ;0.01 ;0.00 ;0.00 ;(0.02)
"Korea, Rep.";0.02 ;0.08 ;0.32 ;0.50 ;0.00 ;0.00 ;0.00 ;0.01 ;0.00 ;0.00 ;0.01 
Kosovo;0.05 ;;;;0.00 ;0.00 ;0.00 ;0.00 ;0.01 ;0.00 ;(0.01)
Kuwait;0.04 ;(0.07);;0.41 ;0.01 ;0.00 ;0.00 ;0.00 ;0.00 ;0.00 ;0.01 
Kyrgyz Republic;0.06 ;0.01 ;0.34 ;0.51 ;0.00 ;0.00 ;0.00 ;0.00 ;0.00 ;0.00 ;(0.01)
Lao PDR;0.07 ;(0.07);0.33 ;0.50 ;0.00 ;0.00 ;0.00 ;0.01 ;0.00 ;0.00 ;(0.01)
Latvia;0.02 ;0.08 ;0.36 ;0.54 ;0.00 ;0.00 ;0.00 ;0.00 ;0.00 ;0.00 ;0.00 
Lebanon;0.04 ;0.07 ;;0.50 ;0.01 ;0.00 ;0.00 ;0.00 ;0.00 ;0.00 ;(0.01)
Lesotho;0.03 ;0.08 ;0.53 ;0.54 ;0.00 ;0.00 ;0.00 ;0.00 ;0.00 ;0.01 ;(0.00)
Liberia;0.04 ;0.06 ;0.53 ;0.51 ;0.00 ;0.00 ;0.00 ;0.00 ;0.00 ;0.01 ;(0.01)
Libya;0.07 ;(0.07);;0.48 ;0.01 ;0.00 ;0.00 ;0.00 ;0.00 ;0.00 ;(0.01)
Liechtenstein;0.01 ;;;;0.00 ;0.00 ;0.00 ;0.00 ;0.00 ;0.00 ;0.01 
Lithuania;0.01 ;0.10 ;0.36 ;0.53 ;0.00 ;0.00 ;0.00 ;0.00 ;0.00 ;0.00 ;0.00 
Luxembourg;0.01 ;;;0.51 ;0.00 ;0.00 ;0.00 ;0.00 ;0.00 ;0.00 ;0.02 
"Macao SAR, China";;;;0.51 ;0.00 ;0.00 ;0.00 ;0.01 ;0.00 ;0.00 ;0.00 
"Macedonia, FYR";0.03 ;0.09 ;0.43 ;0.50 ;0.00 ;0.00 ;0.00 ;0.00 ;0.01 ;0.00 ;(0.00)
Madagascar;0.05 ;0.00 ;0.47 ;0.50 ;0.00 ;0.00 ;0.00 ;0.00 ;0.00 ;0.01 ;(0.00)
Malawi;0.04 ;0.06 ;0.39 ;0.51 ;0.00 ;0.00 ;0.00 ;0.00 ;0.00 ;0.01 ;(0.01)
Malaysia;0.04 ;0.06 ;0.38 ;0.49 ;0.00 ;0.00 ;0.00 ;0.01 ;0.00 ;0.00 ;0.00 
Maldives;0.04 ;;0.37 ;0.48 ;0.00 ;0.00 ;0.00 ;0.00 ;0.00 ;0.00 ;(0.01)
Mali;0.03 ;0.07 ;0.39 ;0.50 ;0.00 ;0.00 ;0.00 ;0.00 ;0.00 ;0.01 ;(0.00)
Malta;0.01 ;;;0.51 ;0.00 ;0.00 ;0.00 ;0.00 ;0.00 ;0.00 ;0.01 
Marshall Islands;0.01 ;;;;0.00 ;0.00 ;0.00 ;0.00 ;0.00 ;0.00 ;(0.00)
Mauritania;0.06 ;(0.02);0.39 ;0.50 ;0.00 ;0.00 ;0.00 ;0.00 ;0.00 ;0.01 ;(0.01)
Mauritius;0.02 ;0.10 ;;0.50 ;0.00 ;0.00 ;0.00 ;0.00 ;0.00 ;0.01 ;0.01 
Mayotte;;;;0.48 ;0.00 ;0.00 ;0.00 ;0.00 ;0.00 ;0.01 ;
Mexico;0.03 ;0.08 ;0.52 ;0.50 ;0.00 ;0.01 ;0.00 ;0.00 ;0.00 ;0.00 ;(0.00)
"Micronesia, Fed. Sts.";0.01 ;;;0.49 ;0.00 ;0.00 ;0.00 ;0.00 ;0.00 ;0.00 ;(0.00)
Moldova;0.04 ;0.08 ;0.37 ;0.53 ;0.00 ;0.00 ;0.00 ;0.00 ;0.00 ;0.00 ;(0.01)
Monaco;0.02 ;;;;0.00 ;0.00 ;0.00 ;0.00 ;0.00 ;0.00 ;
Mongolia;0.02 ;0.10 ;0.37 ;0.50 ;0.00 ;0.00 ;0.00 ;0.01 ;0.00 ;0.00 ;(0.01)
Montenegro;0.03 ;;0.37 ;0.51 ;0.00 ;0.00 ;0.00 ;0.00 ;0.01 ;0.00 ;(0.00)
Morocco;0.05 ;(0.06);0.41 ;0.50 ;0.01 ;0.00 ;0.00 ;0.00 ;0.00 ;0.00 ;(0.00)
Mozambique;0.04 ;0.05 ;0.47 ;0.51 ;0.00 ;0.00 ;0.00 ;0.00 ;0.00 ;0.01 ;(0.01)
Myanmar;0.07 ;(0.06);;0.51 ;0.00 ;0.00 ;0.00 ;0.01 ;0.00 ;0.00 ;(0.02)
Namibia;0.02 ;0.06 ;0.74 ;0.51 ;0.00 ;0.00 ;0.00 ;0.00 ;0.00 ;0.01 ;0.00 
Nepal;0.04 ;0.06 ;0.47 ;0.49 ;0.00 ;0.00 ;0.00 ;0.00 ;0.00 ;0.00 ;(0.01)
Netherlands;0.01 ;0.10 ;0.31 ;0.50 ;0.00 ;0.00 ;0.00 ;0.00 ;0.00 ;0.00 ;0.02 
Netherlands Antilles;;;;0.52 ;0.00 ;0.00 ;0.01 ;0.00 ;0.00 ;0.00 ;0.01 
New Caledonia;;;;0.49 ;0.00 ;0.00 ;0.00 ;0.00 ;0.00 ;0.00 ;(0.01)
New Zealand;0.01 ;0.10 ;0.36 ;0.50 ;0.00 ;0.00 ;0.00 ;0.00 ;0.00 ;0.00 ;0.02 
Nicaragua;0.04 ;0.09 ;0.52 ;0.50 ;0.00 ;0.01 ;0.00 ;0.00 ;0.00 ;0.00 ;(0.01)
Niger;0.05 ;(0.03);0.44 ;0.51 ;0.00 ;0.00 ;0.00 ;0.00 ;0.00 ;0.01 ;(0.01)
Nigeria;0.05 ;0.04 ;0.43 ;0.50 ;0.00 ;0.00 ;0.00 ;0.00 ;0.00 ;0.01 ;(0.01)
Northern Mariana Islands;;;;;0.00 ;0.00 ;0.00 ;0.00 ;0.00 ;0.00 ;
Norway;0.01 ;0.10 ;0.26 ;0.50 ;0.00 ;0.00 ;0.00 ;0.00 ;0.00 ;0.00 ;0.02 
Oman;0.06 ;(0.08);;0.46 ;0.01 ;0.00 ;0.00 ;0.00 ;0.00 ;0.00 ;0.00 
Pakistan;0.05 ;0.05 ;0.31 ;0.47 ;0.00 ;0.00 ;0.00 ;0.00 ;0.00 ;0.00 ;(0.01)
Palau;0.01 ;;;;0.00 ;0.00 ;0.00 ;0.00 ;0.00 ;0.00 ;(0.00)
Panama;0.02 ;0.09 ;0.55 ;0.49 ;0.00 ;0.01 ;0.00 ;0.00 ;0.00 ;0.00 ;(0.00)
Papua New Guinea;0.04 ;0.04 ;0.51 ;0.48 ;0.00 ;0.00 ;0.00 ;0.00 ;0.00 ;0.00 ;(0.01)
Paraguay;0.03 ;0.08 ;0.53 ;0.50 ;0.00 ;0.01 ;0.00 ;0.00 ;0.00 ;0.00 ;(0.01)
Peru;0.03 ;0.09 ;0.51 ;0.50 ;0.00 ;0.01 ;0.00 ;0.00 ;0.00 ;0.00 ;(0.00)
Philippines;0.04 ;0.08 ;0.44 ;0.50 ;0.00 ;0.00 ;0.00 ;0.01 ;0.00 ;0.00 ;(0.01)
Poland;0.01 ;0.10 ;0.35 ;0.51 ;0.00 ;0.00 ;0.00 ;0.00 ;0.01 ;0.00 ;0.00 
Portugal;0.01 ;0.10 ;0.39 ;0.52 ;0.00 ;0.00 ;0.00 ;0.00 ;0.00 ;0.00 ;0.01 
Puerto Rico;;;;0.51 ;0.00 ;0.00 ;0.00 ;0.00 ;0.00 ;0.00 ;0.01 
Qatar;0.06 ;(0.10);0.41 ;0.34 ;0.01 ;0.00 ;0.00 ;0.00 ;0.00 ;0.00 ;0.01 
Romania;0.02 ;0.09 ;0.32 ;0.51 ;0.00 ;0.00 ;0.00 ;0.00 ;0.01 ;0.00 ;(0.00)
Russian Federation;0.06 ;0.04 ;0.44 ;0.54 ;0.00 ;0.00 ;0.00 ;0.00 ;0.00 ;0.00 ;(0.01)
Rwanda;0.06 ;(0.03);0.47 ;0.51 ;0.00 ;0.00 ;0.00 ;0.00 ;0.00 ;0.01 ;(0.00)
Samoa;0.02 ;;;0.49 ;0.00 ;0.00 ;0.00 ;0.00 ;0.00 ;0.00 ;0.00 
San Marino;0.01 ;;;;0.00 ;0.00 ;0.00 ;0.00 ;0.00 ;0.00 ;
Sao Tome and Principe;0.02 ;;0.51 ;0.50 ;0.00 ;0.00 ;0.00 ;0.00 ;0.00 ;0.01 ;(0.01)
Saudi Arabia;0.07 ;(0.10);;0.46 ;0.01 ;0.00 ;0.00 ;0.00 ;0.00 ;0.00 ;(0.00)
Senegal;0.03 ;0.07 ;0.39 ;0.50 ;0.00 ;0.00 ;0.00 ;0.00 ;0.00 ;0.01 ;(0.00)
Serbia;0.02 ;;0.28 ;0.50 ;0.00 ;0.00 ;0.00 ;0.00 ;0.01 ;0.00 ;(0.00)
Seychelles;0.03 ;;;;0.00 ;0.00 ;0.00 ;0.00 ;0.00 ;0.01 ;0.00 
Sierra Leone;0.03 ;0.07 ;0.43 ;0.51 ;0.00 ;0.00 ;0.00 ;0.00 ;0.00 ;0.01 ;(0.01)
Singapore;0.05 ;(0.02);0.43 ;0.49 ;0.00 ;0.00 ;0.00 ;0.01 ;0.00 ;0.00 ;0.02 
Slovak Republic;0.01 ;0.10 ;0.26 ;0.51 ;0.00 ;0.00 ;0.00 ;0.00 ;0.01 ;0.00 ;0.00 
Slovenia;0.01 ;0.10 ;0.31 ;0.52 ;0.00 ;0.00 ;0.00 ;0.00 ;0.01 ;0.00 ;0.01 
Solomon Islands;0.04 ;0.08 ;;0.48 ;0.00 ;0.00 ;0.00 ;0.00 ;0.00 ;0.00 ;(0.00)
Somalia;0.07 ;0.00 ;;0.51 ;0.00 ;0.00 ;0.00 ;0.00 ;0.00 ;0.01 ;(0.02)
South Africa;0.02 ;0.09 ;0.58 ;0.50 ;0.00 ;0.00 ;0.00 ;0.00 ;0.00 ;0.01 ;0.00 
Spain;0.01 ;0.10 ;0.35 ;0.51 ;0.00 ;0.00 ;0.00 ;0.00 ;0.00 ;0.00 ;0.01 
Sri Lanka;0.04 ;0.06 ;0.41 ;0.49 ;0.00 ;0.00 ;0.00 ;0.00 ;0.00 ;0.00 ;(0.00)
St. Kitts and Nevis;0.01 ;;;;0.00 ;0.00 ;0.01 ;0.00 ;0.00 ;0.00 ;0.01 
St. Lucia;0.01 ;;;0.51 ;0.00 ;0.00 ;0.01 ;0.00 ;0.00 ;0.00 ;0.01 
St. Vincent and the Grenadines;0.02 ;;;0.51 ;0.00 ;0.00 ;0.01 ;0.00 ;0.00 ;0.00 ;0.01 
Sudan;0.07 ;(0.04);;0.50 ;0.00 ;0.00 ;0.00 ;0.00 ;0.00 ;0.01 ;(0.01)
Suriname;0.02 ;;0.53 ;0.50 ;0.00 ;0.00 ;0.01 ;0.00 ;0.00 ;0.00 ;(0.00)
Swaziland;0.06 ;(0.09);0.51 ;0.52 ;0.00 ;0.00 ;0.00 ;0.00 ;0.00 ;0.01 ;(0.00)
Sweden;0.01 ;0.10 ;0.25 ;0.50 ;0.00 ;0.00 ;0.00 ;0.00 ;0.00 ;0.00 ;0.02 
Switzerland;0.01 ;0.10 ;0.34 ;0.51 ;0.00 ;0.00 ;0.00 ;0.00 ;0.00 ;0.00 ;0.02 
Syrian Arab Republic;0.07 ;(0.07);;0.49 ;0.01 ;0.00 ;0.00 ;0.00 ;0.00 ;0.00 ;(0.01)
Tajikistan;0.06 ;(0.03);0.34 ;0.50 ;0.00 ;0.00 ;0.00 ;0.00 ;0.00 ;0.00 ;(0.01)
Tanzania;0.04 ;(0.01);0.35 ;0.51 ;0.00 ;0.00 ;0.00 ;0.00 ;0.00 ;0.01 ;(0.00)
Thailand;0.05 ;0.04 ;0.43 ;0.50 ;0.00 ;0.00 ;0.00 ;0.01 ;0.00 ;0.00 ;(0.00)
Timor-Leste;;0.07 ;0.32 ;0.49 ;0.00 ;0.00 ;0.00 ;0.01 ;0.00 ;0.00 ;(0.01)
Togo;0.05 ;(0.04);0.34 ;0.51 ;0.00 ;0.00 ;0.00 ;0.00 ;0.00 ;0.01 ;(0.01)
Tonga;0.04 ;;;0.49 ;0.00 ;0.00 ;0.00 ;0.00 ;0.00 ;0.00 ;(0.01)
Trinidad and Tobago;0.02 ;0.10 ;0.40 ;0.51 ;0.00 ;0.00 ;0.01 ;0.00 ;0.00 ;0.00 ;(0.00)
Tunisia;0.06 ;(0.04);0.41 ;0.50 ;0.01 ;0.00 ;0.00 ;0.00 ;0.00 ;0.00 ;0.00 
Turkey;0.03 ;0.07 ;0.41 ;0.49 ;0.01 ;0.00 ;0.00 ;0.00 ;0.00 ;0.00 ;0.00 
Turkmenistan;0.07 ;(0.09);0.41 ;0.51 ;0.00 ;0.00 ;0.00 ;0.00 ;0.00 ;0.00 ;(0.01)
Turks and Caicos Islands;;;;;0.00 ;0.00 ;0.01 ;0.00 ;0.00 ;0.00 ;
Tuvalu;0.01 ;;;;0.00 ;0.00 ;0.00 ;0.00 ;0.00 ;0.00 ;(0.00)
Uganda;0.05 ;(0.01);0.43 ;0.50 ;0.00 ;0.00 ;0.00 ;0.00 ;0.00 ;0.01 ;(0.01)
Ukraine;0.03 ;0.07 ;0.28 ;0.54 ;0.00 ;0.00 ;0.00 ;0.00 ;0.00 ;0.00 ;(0.01)
United Arab Emirates;0.06 ;(0.08);;0.35 ;0.01 ;0.00 ;0.00 ;0.00 ;0.00 ;0.00 ;0.01 
United Kingdom;0.01 ;0.10 ;0.36 ;0.51 ;0.00 ;0.00 ;0.00 ;0.00 ;0.00 ;0.00 ;0.02 
United States;0.01 ;0.10 ;0.41 ;0.51 ;0.00 ;0.00 ;0.00 ;0.00 ;0.00 ;0.00 ;0.01 
Uruguay;0.01 ;0.10 ;0.47 ;0.51 ;0.00 ;0.01 ;0.00 ;0.00 ;0.00 ;0.00 ;0.01 
Uzbekistan;0.07 ;(0.09);0.37 ;0.51 ;0.00 ;0.00 ;0.00 ;0.00 ;0.00 ;0.00 ;(0.01)
Vanuatu;0.02 ;;;0.48 ;0.00 ;0.00 ;0.00 ;0.00 ;0.00 ;0.00 ;0.00 
"Venezuela, RB";0.05 ;(0.03);0.43 ;0.49 ;0.00 ;0.01 ;0.00 ;0.00 ;0.00 ;0.00 ;(0.01)
Vietnam;0.06 ;(0.07);0.38 ;0.51 ;0.00 ;0.00 ;0.00 ;0.01 ;0.00 ;0.00 ;(0.01)
Virgin Islands (U.S.);;;;0.51 ;0.00 ;0.00 ;0.00 ;0.00 ;0.00 ;0.00 ;0.01 
West Bank and Gaza;;;;0.49 ;0.00 ;0.00 ;0.00 ;0.00 ;0.00 ;0.00 ;(0.01)
"Yemen, Rep.";0.06 ;(0.02);0.38 ;0.50 ;0.01 ;0.00 ;0.00 ;0.00 ;0.00 ;0.00 ;(0.01)
Zambia;0.04 ;0.07 ;0.51 ;0.50 ;0.00 ;0.00 ;0.00 ;0.00 ;0.00 ;0.01 ;(0.01)
Zimbabwe;0.06 ;0.01 ;0.50 ;0.51 ;0.00 ;0.00 ;0.00 ;0.00 ;0.00 ;0.01 ;(0.01)
;;;;;;;;;;;
Count (non-blank cells);1.91 ;1.59 ;1.46 ;1.91 ;2.13 ;2.13 ;2.13 ;2.13 ;2.13 ;2.13 ;2.03 
Mean;0.03 ;0.04 ;0.41 ;0.50 ;0.19 ;0.20 ;0.18 ;0.17 ;0.14 ;0.48 ;(0.00)
Standard Deviation;0.02 ;0.06 ;0.09 ;0.02 ;;;;;;;0.01 
;;;;;;;;;;;
Mean of 19 MENA countries;0.05 ;(0.03);0.38 ;0.47 ;0.01 ;0.00 ;0.00 ;0.00 ;0.00 ;0.00 ;(0.00)
Mean of 20 LATI countries;0.03 ;0.07 ;0.52 ;0.50 ;0.00 ;0.01 ;0.00 ;0.00 ;0.00 ;0.00 ;(0.00)
Median of 19 MENA countries;0.06 ;(0.06);0.38 ;0.49 ;0.01 ;0.00 ;0.00 ;0.00 ;0.00 ;0.00 ;(0.00)
Median of 20 LATI countries;0.03 ;0.08 ;0.52 ;0.50 ;0.00 ;0.01 ;0.00 ;0.00 ;0.00 ;0.00 ;(0.00)
